X1,X2,X3,Y
0.941955555,0.125264236,-0.732235058,3.620465642
0.572490467,-0.463934086,-0.858543312,2.156731146
0.855720179,0.467161553,-0.565408595,3.620362678
0.050989128,0.271135568,-0.901203013,1.347711544
0.450075331,0.921556984,-0.508214082,2.784960218
0.25137769,0.555396092,-0.606095151,1.995928089
0.543331955,-0.441726958,-0.9613678,2.016146342
0.068916802,0.694751241,-0.564577982,1.507359774
0.939128057,-0.178227713,-0.865397042,3.583800245
0.164178881,0.627855416,-0.932967649,2.060452247
0.492445204,0.714345859,-0.698794199,2.869517427
0.379311641,0.607648021,-0.520098514,2.334365595
0.39343301,0.352852765,-0.631670372,2.180302102
0.339000506,-0.407107289,-0.613719888,1.201639173
0.508024886,-0.277886184,-0.691505486,1.917149137
0.46625272,-0.516900329,-0.798467833,1.796202076
0.828182359,-0.626388635,-0.702147556,2.576562871
0.464478386,-0.412725546,-0.74404115,1.680145013
0.611783102,0.848442098,-0.777359259,3.471043742
0.686053383,-0.451368998,-0.615576047,2.19723151
0.416007705,0.753488218,-0.754743745,2.839055786
0.936558583,-0.47276395,-0.81707294,3.198850035
0.878250189,0.754598013,-0.649386011,3.923783666
0.431598007,0.5617151,-0.64604374,2.518016514
0.614944299,0.169391375,-0.711491158,2.692011834
0.524556928,-0.442185535,-0.691973757,1.830288855
0.790452057,-0.141664144,-0.540538921,2.87638484
0.809708243,0.854336854,-0.522332895,3.87703091
0.486860723,-0.582496307,-0.517760093,1.353878048
0.553807014,0.633748338,-0.637483822,2.941015081
0.772329283,-0.014812239,-0.864036549,3.053841326
0.691145724,0.312366512,-0.886119693,3.273620645
0.142586705,-0.067481078,-0.716770682,1.055809755
0.154001602,0.80012967,-0.900321134,2.093017551
0.724073687,-0.383117227,-0.835827428,2.769552984
0.753125055,-0.92132217,-0.704055764,2.097257912
0.222466062,0.69419831,-0.773337132,2.117108831
0.910262388,0.422071947,-0.768302991,3.860062087
0.266426761,0.825562353,-0.77168283,2.479673544
0.627952941,0.275979918,-0.797856457,3.023980506
0.732023089,0.033887951,-0.661673698,2.780066518
0.548415352,-0.975593465,-0.672907786,1.466769258
0.010271149,-0.331273908,-0.842587671,0.54560311
0.158842275,-0.606319474,-0.679860786,0.635038642
0.146520366,0.870765025,-0.676108522,1.991216691
0.642092885,-0.38888255,-0.820520546,2.308080958
0.131371896,-0.678932893,-0.58123247,0.141275375
0.213433042,-0.587997011,-0.531615261,0.557878955
0.690238834,-0.164937978,-0.972475144,2.782576672
0.344001101,-0.505974576,-0.746937013,1.248091765
0.75462988,0.429242405,-0.680523074,3.370480573
0.64388274,-0.949661703,-0.61313666,1.406287062
0.332223303,-0.72204688,-0.730052375,0.976959025
0.470182745,-0.534395787,-0.881712602,1.785733962
0.003267022,0.137438045,-0.7480967,0.789483552
0.609181072,-0.355300912,-0.738089298,2.175970021
0.143514656,-0.064771026,-0.924784089,1.190542616
0.830301926,-0.234020694,-0.877973927,3.136274096
0.35591273,0.434414744,-0.785820043,2.311121506
0.536701025,0.106138828,-0.641433756,2.414445177
0.72412079,-0.019525989,-0.804562629,2.910643182
0.66518878,-0.443652136,-0.833887934,2.459561447
0.05906898,-0.307195758,-0.892496954,0.724381447
0.99813408,0.205296396,-0.66311519,3.899027821
0.551960879,0.656166231,-0.691770141,3.012009065
0.464318085,0.841359576,-0.629345778,2.852685765
0.388783732,0.560402562,-0.730567512,2.421231546
0.016329735,-0.712802464,-0.715800781,0.014181572
0.270222478,-0.471113385,-0.532504846,0.860220498
0.120614283,0.42245766,-0.993811789,1.79682319
0.776584847,-0.358933859,-0.850320429,2.765601468
0.692452353,-0.284836516,-0.82325673,2.551814238
0.297430759,-0.132944742,-0.57327434,1.267598641
0.176541216,-0.860694365,-0.961674203,0.73354563
0.404155026,0.177830306,-0.906323353,2.405980103
0.251079039,0.575091784,-0.769548831,1.966176779
0.651106554,-0.452286402,-0.696166775,2.115821551
0.959199537,0.206877034,-0.893705796,4.028346516
0.197900201,-0.983010278,-0.908562359,0.538539145
0.188592761,-0.199719408,-0.662213767,1.013894014
0.048047458,-0.712213552,-0.688236754,0.08128937
0.553988903,-0.305956425,-0.874691428,2.344570815
0.651671961,0.714200347,-0.622773489,3.314116514
0.952300925,0.55126425,-0.820969453,4.258132217
0.638026312,-0.634954432,-0.888652889,2.096669006
0.146181675,0.735078295,-0.74933538,1.953185295
0.399948926,0.638932183,-0.721263816,2.526409226
0.397343748,0.593244495,-0.518883998,2.330213834
0.343533149,0.985779793,-0.650211359,2.676935454
0.79022181,0.148506878,-0.563084033,3.227463802
0.341200388,0.707439431,-0.666523204,2.434333735
0.306778026,-0.04258547,-0.930256493,1.699965763
0.696530674,0.402966753,-0.516432478,3.012043532
0.085088388,0.346926629,-0.833697892,1.465564782
0.51139257,0.879624133,-0.52735312,3.017604856
0.930276399,-0.719495454,-0.82272547,3.000351206
0.208024002,-0.918152554,-0.572737512,0.345519549
0.910626003,0.556458178,-0.901379693,4.292816087
0.916482805,-0.325038389,-0.860789461,3.367143508
0.899789655,-0.81406535,-0.924288572,2.76534172
0.778002464,0.770371046,-0.717117226,3.834216721
0.872217043,0.827912261,-0.895063976,4.296447039
0.586893438,0.116186754,-0.789633971,2.68995693
0.247519336,0.792186692,-0.778152592,2.385546459
0.361338833,-0.765913366,-0.942600307,1.20504073
0.58374766,0.551394906,-0.999627864,3.278561893
0.611355338,0.47369027,-0.861178861,3.146064063
0.679929514,0.17594762,-0.620372356,2.835167059
0.377821535,-0.212466087,-0.801722112,1.627564891
0.685052552,-0.265378539,-0.967940455,2.751888064
0.239265981,0.517549314,-0.630649562,1.820282769
0.954221652,-0.374661856,-0.60038773,3.084431221
0.833927789,-0.618460171,-0.935291347,2.861547662
0.478903723,0.961417378,-0.760008238,3.07667358
0.667049241,-0.124274523,-0.564339429,2.306337714
0.98771735,0.127039985,-0.536309305,3.629285878
0.281692157,0.243517753,-0.614233256,1.651651889
0.787772656,-0.999221027,-0.885588819,2.335131862
0.833667579,0.822160773,-0.837011409,4.144544493
0.790986929,0.428653489,-0.882125173,3.772124256
0.428883253,0.877212609,-0.576604726,2.705883205
0.949367697,-0.64591606,-0.902738745,3.071395444
0.5642557,-0.346802528,-0.75470216,2.223092907
0.408238485,0.086310363,-0.717769769,2.007266981
0.230940523,-0.756358242,-0.540859048,0.532227384
0.370751396,-0.079634056,-0.579960985,1.557689685
0.456695603,0.917527838,-0.879825418,3.171435863
0.148952881,-0.500423348,-0.956505971,0.899931952
0.465259116,-0.894909169,-0.626188968,1.071130902
0.444092626,0.496480472,-0.882150855,2.679217388
0.091019548,0.193931187,-0.595078184,1.004670889
0.008937262,-0.610196335,-0.891707923,0.296492261
0.712566128,0.842486186,-0.61896391,3.582955368
0.913480168,-0.659518809,-0.585568892,2.793985984
0.868671375,-0.022253781,-0.925498705,3.593250716
0.096441013,-0.989674235,-0.631129972,-0.014856875
0.658955396,-0.832810698,-0.724771928,1.773676925
0.586530293,0.366026387,-0.578870297,2.72980629
0.64575958,0.712368187,-0.859519846,3.475413629
0.240669244,0.366075718,-0.697525657,1.943470232
0.666724454,0.608474414,-0.638158944,3.359408055
0.145827301,-0.430477211,-0.546791757,0.595700795
0.933936316,-0.862330372,-0.725307937,2.653350382
0.031201041,0.274310234,-0.960068652,1.364219889
0.164469365,0.686161022,-0.74527495,1.852269179
0.395614185,-0.156042302,-0.667026724,1.557743741
0.661264593,0.518418107,-0.875871911,3.365830985
0.700759967,-0.158372376,-0.811101837,2.759970502
0.025010331,-0.994544539,-0.789882915,-0.081205136
0.799519528,0.620029872,-0.673708715,3.759223619
0.055005155,0.155704814,-0.878291655,1.287169302
0.68062871,0.809072448,-0.978626646,3.875984885
0.653632448,-0.452915802,-0.520097084,2.08262245
0.020579785,-0.513679079,-0.886280742,0.482581387
0.729331116,-0.444416506,-0.769784057,2.631605678
0.705801506,0.428870447,-0.895045447,3.485484861
0.269528079,-0.768264671,-0.740782217,0.828537312
0.550899449,0.324051669,-0.832313048,2.893743232
0.094308153,-0.573010311,-0.785807557,0.430591035
0.114971112,0.220097453,-0.971020754,1.605008473
0.337909948,0.78622961,-0.743391852,2.450085752
0.527887797,0.622733262,-0.502004959,2.675862331
0.318114068,-0.708357101,-0.607692169,0.721233038
0.353353271,0.202428222,-0.783834041,2.040374341
0.881002607,0.874855423,-0.663395866,4.174294202
0.679545601,-0.832067998,-0.701258439,1.941896201
0.253124296,0.901025811,-0.720762935,2.313849119
0.647458047,0.516526615,-0.860463939,3.271850211
0.851043773,-0.416451474,-0.513770448,2.735818241
0.313813619,-0.625591544,-0.692193604,0.941333907
0.525675551,-0.440872691,-0.641596022,1.724907426
0.468110951,0.306642969,-0.659497818,2.310011092
0.972211519,0.56739447,-0.840345772,4.397113304
0.898321002,-0.536905106,-0.935338297,3.011104615
0.568092767,-0.178763485,-0.958594912,2.546552178
0.56631515,-0.473381356,-0.512005121,1.651145761
0.054257394,-0.422410001,-0.718391538,0.380525911
0.432007398,-0.900660749,-0.99974253,1.326324514
0.55349616,0.328437559,-0.763576533,2.663267029
0.136778198,-0.364246664,-0.66435915,0.746296297
0.407739133,-0.956637326,-0.886219091,1.186408798
0.177808114,-0.368523638,-0.891536384,1.035308702
0.811267037,0.557270337,-0.553520127,3.549657413
0.562444913,-0.52158324,-0.924819091,2.086271576
0.53835827,-0.658663056,-0.579934499,1.600511581
0.284648675,0.045207797,-0.784263431,1.643044406
0.893989519,0.272045645,-0.592780448,3.577472622
0.117864224,-0.746097005,-0.743118433,0.415897387
0.459580798,0.430290484,-0.864818517,2.658399576
0.255884891,-0.33710098,-0.89526671,1.321293982
0.927856574,-0.051047494,-0.555206061,3.341399048
0.479954216,0.5216702,-0.792476454,2.773054674
0.959603433,-0.765820023,-0.770158038,2.905691961
0.769053178,-0.476170971,-0.57123099,2.352995675
0.5947037,0.362134466,-0.533015963,2.600750262
0.05586232,0.283615389,-0.788123257,1.228842505
0.116492534,0.85327716,-0.987121513,2.155293871
0.236898036,0.220267028,-0.847450855,1.816503876
0.6300024,0.074676658,-0.719254762,2.777594096
0.154750305,0.644388948,-0.975139151,2.14128232
0.724184224,-0.246009016,-0.864573617,2.887582804
0.613743304,0.070830567,-0.906078038,2.795317236
0.812797325,-0.791754372,-0.963039186,2.646924701
0.423832572,0.897224835,-0.634526953,2.6787662
0.686733561,0.130604594,-0.874855046,3.130366782
0.024786474,-0.670335531,-0.585935795,-0.015266361
0.925870791,-0.502715707,-0.570926843,2.892546965
0.92282389,0.772368899,-0.607548742,4.144028909
0.276171929,0.698279026,-0.667713509,2.211548325
0.718521051,0.426548963,-0.543446987,3.163197548
0.811439449,0.921901111,-0.847342815,4.248630521
0.895549762,-0.830252458,-0.609778485,2.410141664
0.964164102,-0.283520801,-0.75467991,3.363009847
0.37370635,0.317466435,-0.700909056,2.124442499
0.658613271,0.446259569,-0.597256311,2.920981515
0.852820528,-0.416611181,-0.859097567,3.014632575
0.499521655,0.60407747,-0.909847678,3.023656932
0.615878809,0.995539355,-0.713832605,3.595741721
0.116374562,-0.902403624,-0.721224307,0.111174119
0.791866558,-0.527196584,-0.598082556,2.465190369
0.260879817,0.59033158,-0.547242816,1.829233867
0.396431575,0.255473393,-0.889746495,2.375510771
0.411090667,-0.794845375,-0.627348411,1.160891055
0.579119677,-0.38910773,-0.7687902,2.122322425
0.514593443,0.648748438,-0.651936019,2.892853252
0.673733934,0.24549874,-0.79877302,3.212846319
0.656958847,0.615493737,-0.865920273,3.500654293
0.434127648,-0.542453731,-0.540019681,1.385407803
0.591575511,0.898745133,-0.815618043,3.45032086
0.279217307,0.647047622,-0.503878179,2.002105759
0.006757228,0.023281355,-0.53393534,0.573176183
0.514990404,0.286310174,-0.83710367,2.661121762
0.40453409,0.541537475,-0.723570553,2.457095433
0.781895704,0.245135762,-0.573121814,3.164187969
0.393614257,0.909526917,-0.721532997,2.830776655
0.777635345,0.232550332,-0.566320652,3.160418957
0.118748965,-0.033857675,-0.844240673,1.100304217
0.61511606,0.211822125,-0.510544783,2.538322033
0.343915693,0.219009938,-0.749068518,1.900752816
0.349235471,0.851827686,-0.653955024,2.54624022
0.095529238,-0.711231883,-0.585201614,0.24633309
0.471209698,0.359191417,-0.94649915,2.704608316
0.259408782,0.77262305,-0.986469584,2.517736284
0.616336009,0.286757076,-0.753591327,2.815937723
0.378008615,-0.319203674,-0.802210235,1.588095369
0.303073514,-0.368738223,-0.862683141,1.46023147
0.495655545,-0.411948152,-0.823101217,1.855116247
0.289618642,0.543957255,-0.792263099,2.103978679
0.720412635,-0.398007581,-0.868187669,2.57671556
0.603703401,-0.798202521,-0.968278454,1.924572167
0.768224329,-0.17368057,-0.893682449,3.000071746
0.844602032,0.455338569,-0.570123128,3.529153331
0.477978063,0.411001226,-0.59574428,2.43037787
0.570615994,-0.552275091,-0.734101151,1.851213612
0.114008284,-0.408685341,-0.881835889,0.830834851
0.842099279,0.286613148,-0.633786641,3.396860176
0.481951695,0.446118829,-0.847895,2.729149036
0.246806865,-0.175142502,-0.615079051,1.156774185
0.547409368,-0.189158662,-0.875509831,2.320502622
0.840837654,0.017714187,-0.818572452,3.44490351
0.926091404,-0.746681802,-0.830985202,2.907295646
0.335033848,0.409298761,-0.764660893,2.223369493
0.476691442,-0.576408491,-0.739472705,1.566536813
0.077828768,0.633789788,-0.604689429,1.475552595
0.589491244,-0.491246188,-0.551752723,1.778821049
0.21445055,-0.525410622,-0.888133404,0.95431526
0.358475545,0.692598354,-0.698426307,2.429576491
0.340167393,-0.843255693,-0.715636894,0.868633684
0.494874887,0.07839278,-0.723032767,2.132505457
0.971412417,-0.640913463,-0.538630774,2.951636018
0.70473758,0.222203514,-0.979573031,3.288063059
0.754780976,-0.322328915,-0.537196974,2.538880795
0.200929984,-0.409534799,-0.981394139,1.211118495
0.383789492,0.57431684,-0.516396328,2.262801043
0.392591885,-0.674813792,-0.686998442,1.297339439
0.483525222,-0.025908543,-0.812472337,2.183161822
0.587730064,0.30034581,-0.764691061,2.894590394
0.663992898,-0.857088229,-0.64891666,1.79268824
0.684231216,0.416138819,-0.980862125,3.356427977
0.516998457,-0.800273539,-0.560060016,1.323295278
0.617128912,-0.514858678,-0.574665452,1.927186293
0.485549785,0.714523876,-0.704976311,2.917270286
0.366254647,0.400975683,-0.988162633,2.491161834
0.332453808,-0.689308172,-0.641486628,0.828429545
0.744890608,0.525948546,-0.732261158,3.542464925
0.931233238,0.226875111,-0.605041667,3.585918656
0.163830356,-0.258574801,-0.792465106,1.041562671
0.102629036,0.060245109,-0.627993192,1.039960314
0.431543746,0.435852385,-0.895145787,2.571816083
0.703665268,-0.423844062,-0.830749955,2.557904368
0.916014145,-0.729273778,-0.968406724,2.959335913
0.372984611,0.647430741,-0.818085988,2.460478599
0.272782088,0.313604678,-0.922135153,2.005917282
0.488193734,0.49458731,-0.571462705,2.630475471
0.931338054,0.296094617,-0.987401618,4.05885673
0.362360041,-0.038051539,-0.914393636,1.939937672
0.083962608,0.342157214,-0.738935711,1.401521827
0.685469144,0.147970427,-0.815669389,3.093878966
0.593764291,0.723818918,-0.900039041,3.279412397
0.007118659,-0.14388315,-0.757683934,0.676351085
0.556506926,0.54842521,-0.790346604,3.043781204
0.087771274,0.504128211,-0.642696574,1.442478933
0.563470519,0.748370846,-0.500216066,2.922546614
0.435824939,-0.672763366,-0.897761079,1.52799158
0.68859704,-0.960087637,-0.871507787,1.99192351
0.827788868,0.681834818,-0.698215615,3.788283551
0.116530107,0.977606713,-0.929386266,2.242087958
0.202325313,0.294851395,-0.950864222,1.797952884
0.606989587,0.779025113,-0.827589238,3.405559689
0.717593269,0.822343523,-0.934791125,3.948732643
0.850577131,0.927730622,-0.989463442,4.444926386
0.619438351,0.434205131,-0.803636017,3.100710905
0.579224032,0.620623397,-0.808962392,3.193202706
0.272328396,-0.938631627,-0.780347067,0.735993059
0.30031704,-0.753492964,-0.891448597,0.962921456
0.347442097,0.276220449,-0.595159142,1.909491126
0.075575812,-0.65755975,-0.770093813,0.321911647
0.858758495,-0.833532061,-0.855477502,2.609699765
0.268858489,-0.85422786,-0.971940225,0.953005945
0.423680189,0.989126596,-0.834063065,3.179567057
0.347351935,0.223071384,-0.59851201,1.873393181
0.5361906,-0.268867356,-0.877594984,2.187266482
0.122424388,-0.430799698,-0.620212575,0.541421249
0.161717615,-0.697980554,-0.795083829,0.563404433
0.347727274,-0.645297203,-0.982673911,1.381160962
0.558124962,-0.395074925,-0.885446651,2.156192522
0.660957891,-0.656990387,-0.641908477,1.960847097
0.220268007,-0.306069758,-0.946577824,1.259296587
0.324046876,0.55149168,-0.998926862,2.579104701
0.949712308,-0.58183042,-0.670279778,2.888091862
0.538806434,0.291549805,-0.565430079,2.429818171
0.089010301,0.542476797,-0.635852924,1.415436025
0.126761517,0.034581638,-0.762293509,1.249524859
0.444269718,0.248468858,-0.836585745,2.467954764
0.560179499,-0.969665874,-0.579220505,1.265148607
0.412173732,-0.750684488,-0.941477887,1.402734505
0.025900151,0.107604464,-0.996168109,1.125757829
0.113434291,0.854240134,-0.565476418,1.884989626
0.316263517,0.850620565,-0.74266935,2.56839029
0.16295955,0.314547138,-0.684848959,1.490971005
0.417795185,-0.545252756,-0.688347085,1.332594946
0.064770215,0.327771323,-0.644432893,1.099248627
0.718458398,0.129903005,-0.708691419,3.015597079
0.283643064,0.541735701,-0.908837867,2.243947777
0.677657648,-0.160626735,-0.697335685,2.536868645
0.612946184,0.940011173,-0.975565306,3.719555815
0.122248202,0.603232726,-0.975530137,1.934884765
0.724259986,0.649667187,-0.701375529,3.48932166
0.120333274,0.700644166,-0.740306247,1.661132191
0.270825132,0.103852117,-0.861679878,1.715012414
0.29404949,0.761731971,-0.937457904,2.571620092
0.346383119,-0.32675317,-0.529827701,1.300818053
0.122908118,-0.213367258,-0.9799589,1.21144827
0.726018868,0.342000422,-0.539407312,3.030104127
0.015046999,-0.639903616,-0.780186537,0.222168223
0.347315139,0.890746204,-0.646719061,2.702678973
0.593511313,-0.077446627,-0.875917932,2.663311876
0.085581878,-0.263509139,-0.935430148,0.966051155
0.829196976,0.733411071,-0.769757651,4.06304343
0.335296127,-0.511170532,-0.904537749,1.313852526
0.19639587,0.193219171,-0.766989399,1.585739448
0.363889542,0.247994616,-0.706480631,2.123009736
0.76147649,0.652539249,-0.937029769,3.777830774
0.138294256,0.199950058,-0.827153546,1.379680279
0.338485585,-0.353635952,-0.619536939,1.328852765
0.194747862,0.580975422,-0.777911897,1.936562342
0.713012262,0.99962817,-0.59975177,3.846560895
0.361138331,0.283019571,-0.958000861,2.323130519
0.174115525,0.086189856,-0.698067711,1.324377793
0.039676023,-0.144287733,-0.843438706,0.756590803
0.079491152,-0.053508404,-0.530266168,0.656295508
0.866907774,-0.23630765,-0.866210887,3.337874508
0.784404723,-0.860767272,-0.876650355,2.306862743
0.98663292,0.826047932,-0.676233185,4.525488696
0.393890259,0.272948701,-0.759965334,2.163617739
0.654828313,-0.091830139,-0.635917025,2.524527854
0.855787769,-0.050773627,-0.647084143,3.162429322
0.247130986,0.440676612,-0.97487195,2.051364273
0.438321078,0.468220301,-0.533875282,2.440045339
0.301082786,-0.319961614,-0.648263378,1.209690817
0.449193026,0.770687979,-0.801512953,2.955420947
0.857831729,-0.908459943,-0.71393706,2.393305612
0.486672832,-0.168105999,-0.815842896,2.05133465
0.462226179,-0.683093572,-0.766263485,1.496068459
0.375670459,-0.139940452,-0.603744359,1.5859459
0.288662459,-0.576997048,-0.678833744,0.848280696
0.882263365,0.285694872,-0.833148741,3.79736494
0.446165383,-0.607635531,-0.790021024,1.491713979
0.213222036,-0.123873937,-0.501798609,1.054579067
0.835901186,-0.938846092,-0.769103649,2.301813494
0.562256236,-0.685564392,-0.911842078,1.808598288
0.323800792,0.916436784,-0.94977227,2.735826287
0.853001863,0.666059482,-0.958547126,4.235891512
0.21379792,0.886582672,-0.742729502,2.237805408
0.737737861,-0.623139352,-0.740312372,2.346965345
0.587812746,-0.777059317,-0.930898992,1.969189144
0.709962071,-0.082714203,-0.881511418,2.90527759
0.701804115,-0.610775055,-0.966490181,2.42696908
0.658519179,0.434287399,-0.604852991,3.019328284
0.616795895,-0.177105808,-0.646852395,2.259358754
0.25986616,0.289795274,-0.588428416,1.608825121
0.591358209,-0.885146636,-0.501449561,1.514113712
0.26044402,0.255470218,-0.853024564,1.829661974
0.7507418,-0.055225936,-0.647976791,2.860972366
0.293147475,0.134529659,-0.974652633,2.028109817
0.684841675,-0.930290468,-0.651796863,1.644825026
0.092086967,-0.781406414,-0.6116792,0.16466265
0.000592596,-0.408715683,-0.811863209,0.535733406
0.64978451,-0.178597054,-0.927172885,2.707803281
0.985003908,-0.560523934,-0.834911927,3.174171353
0.283290637,0.19125859,-0.553068314,1.561696872
0.050743716,0.708495596,-0.900245929,1.806741675
0.21289134,-0.227790974,-0.83095879,1.271318621
0.014731146,0.611049948,-0.955101403,1.642770061
0.188698194,-0.176863982,-0.565251202,1.030799389
0.421909899,0.513638493,-0.949097226,2.796056686
0.390300729,-0.902130312,-0.769290085,1.114318899
0.728188978,0.662495392,-0.517537192,3.382348705
0.060248289,-0.949434053,-0.658246278,-0.077191643
0.25295456,-0.014810526,-0.589157768,1.353973865
0.778312845,0.707041487,-0.540188851,3.51203683
0.776397598,0.611365206,-0.567886731,3.503352288
0.738197053,0.525611357,-0.596872911,3.433977001
0.459650242,0.060594847,-0.658805091,2.155615423
0.52407191,-0.345510346,-0.577267293,1.773120684
0.965031981,-0.055485431,-0.863173993,3.725624519
0.039284295,0.38834001,-0.795342029,1.263779086
0.01021563,-0.190342246,-0.840297843,0.645977264
0.621677968,-0.282982961,-0.550445278,2.096819661
0.231216007,-0.141986375,-0.506913288,1.065838821
0.776207656,-0.17567215,-0.548830641,2.681406508
0.023217155,0.954548664,-0.797403493,1.673563301
0.229945549,-0.90128637,-0.53918436,0.461500117
0.074851569,0.81765459,-0.955643732,2.045457492
0.224842102,0.251746673,-0.858677911,1.841829851
0.044023213,-0.079457548,-0.67246615,0.783245574
0.067911046,-0.973351054,-0.849580148,0.09073264
0.863997602,-0.474919595,-0.687108722,2.779256679
0.957662421,-0.527838316,-0.932758301,3.303803042
0.217694142,-0.302855794,-0.992957636,1.405758113
0.385811104,0.75403157,-0.743929616,2.526088721
0.032998874,0.559630534,-0.624977131,1.301972225
0.415945362,0.644414746,-0.703865824,2.629384334
0.150225592,-0.256717495,-0.621475719,0.782901541
0.785034662,-0.843964266,-0.712803805,2.088682115
0.155973003,-0.618240759,-0.79038845,0.836435701
0.218620636,-0.462797291,-0.521382475,0.624711133
0.666430857,-0.524084158,-0.699027216,2.260874189
0.427672267,0.773552364,-0.708161109,2.696117631
0.779414619,0.370870202,-0.931254006,3.70247546
0.782909613,0.729869212,-0.510876008,3.639520945
0.116094182,-0.340903923,-0.683854147,0.625867062
0.447835965,0.290579699,-0.86801833,2.493699002
0.654244765,0.075737886,-0.908248081,2.855949565
0.671720418,0.234074564,-0.554032145,2.807786486
0.056122266,0.868091304,-0.575704098,1.545275826
0.09162727,0.448488809,-0.922108804,1.569417452
0.962991194,-0.153746939,-0.507181853,3.360104255
0.032275571,-0.084994497,-0.566635863,0.497971263
0.378667917,0.262875447,-0.626662807,1.917524073
0.539329626,-0.836900811,-0.608839815,1.34619383
0.644749435,-0.926345949,-0.695948311,1.699823789
0.733134447,0.434701106,-0.599954922,3.268781566
0.763148169,-0.263297077,-0.534425634,2.612781112
0.245715289,-0.99070888,-0.82148679,0.576600225
0.729668787,0.482510718,-0.563208704,3.13922287
0.855143165,0.736457259,-0.901877413,4.158057443
0.213345279,0.902290847,-0.932530155,2.487444803
0.152325454,-0.61283826,-0.963593159,0.844975717
0.429977235,-0.753221373,-0.966467314,1.577316053
0.400645815,0.980190746,-0.694766166,2.794516101
0.36775746,-0.92185724,-0.867345274,1.00320706
0.088086489,0.455090969,-0.840267705,1.54592789
0.738979539,0.010167193,-0.957378213,3.118928482
0.878464166,-0.118704624,-0.680043801,3.248138869
0.497859628,-0.046343544,-0.984501565,2.442975537
0.60084374,0.591961352,-0.712926912,3.044524981
0.3790988,-0.212846334,-0.559338536,1.428771286
0.989063018,0.476676687,-0.707888786,4.188147409
0.475681525,0.834492591,-0.805016615,3.176458735
0.784801674,-0.118935289,-0.834891831,3.031555618
0.139304377,0.244300389,-0.778890725,1.471336477
0.568140667,-0.58939502,-0.705489197,1.888259396
0.735398819,0.625845245,-0.660291648,3.568187292
0.173602551,-0.79885034,-0.874105271,0.576302481
0.166121999,0.668502183,-0.52485456,1.635120655
0.182539315,0.074803162,-0.843394061,1.623343888
0.057720342,-0.810873217,-0.966418412,0.229281831
0.784968966,-0.824320805,-0.906744683,2.497310094
0.063473266,-0.135358875,-0.686872695,0.840908959
0.819050212,0.736353071,-0.573479174,3.833109346
0.902980605,-0.00580377,-0.728799891,3.46544239
0.61173671,-0.579396666,-0.675692338,2.032333337
0.530547327,0.345781361,-0.804921117,2.703632994
0.613105485,-0.578708783,-0.585208018,1.806129199
0.882927428,-0.941464372,-0.937258662,2.626074577
0.09479303,0.072124232,-0.524419508,0.759313596
0.307723474,0.289936065,-0.89334552,2.047671075
0.354439039,-0.961737641,-0.600849304,0.805184354
0.180554899,-0.713352452,-0.899066382,0.665113496
0.748408356,0.819143901,-0.955737713,3.975128536
0.871787607,0.88614266,-0.642715195,4.173366807
0.25479648,0.074679023,-0.941875699,1.88873219
0.257783839,-0.190287894,-0.878647701,1.352747053
0.140667802,-0.630413274,-0.814440731,0.60102106
0.171954938,-0.267259098,-0.923737538,1.097805714
0.884216977,-0.602635793,-0.906390584,2.980161607
0.802159206,-0.169194406,-0.51927367,2.856770082
0.941186053,-0.130775686,-0.551599375,3.353600494
0.466592854,0.77824919,-0.912903625,3.113811883
0.517874131,-0.509459797,-0.912917966,2.054387116
0.598459295,0.211032454,-0.664411779,2.662597098
0.080362532,0.815660828,-0.759829816,1.723822716
0.099630886,0.415002984,-0.982465471,1.780811033
0.351326042,-0.51238399,-0.630198036,1.119866567
0.799871967,-0.765163543,-0.788054003,2.484660466
0.132353927,-0.258761426,-0.878182784,0.989757926
0.168424101,-0.365072996,-0.751006362,0.940531236
0.366758151,-0.508904375,-0.769241656,1.315193311
0.156582001,0.892117553,-0.69609725,1.996144398
0.396839899,0.948534547,-0.881226442,2.985691089
0.783641681,-0.482576642,-0.730243879,2.643067884
0.528379354,-0.337704349,-0.520455447,1.788878679
0.060857835,-0.057599973,-0.795416453,0.869213264
0.695963221,0.23169488,-0.981280032,3.344647387
0.206900911,0.111585799,-0.949543045,1.585688882
0.388335617,-0.215731727,-0.750880451,1.785695127
0.713494537,0.141914746,-0.972209529,3.269782561
0.002940322,-0.638349536,-0.578561582,-0.012233623
0.125278099,0.359718754,-0.874053376,1.643347686
0.847943859,0.16667032,-0.907192643,3.557527854
0.722281906,0.752813617,-0.740550333,3.748651558
0.602931416,0.608477475,-0.968542277,3.349530633
0.484997904,0.636953673,-0.703728025,2.721814409
0.867223574,-0.820006385,-0.719230866,2.514389925
0.908603526,-0.035453028,-0.839900447,3.514202857
0.241799001,-0.5928726,-0.956695315,1.054283497
0.354820171,0.025132602,-0.699506741,1.850054679
0.798932778,-0.028538954,-0.587393311,2.984682624
0.033437298,0.91250457,-0.533383583,1.519082299
0.409252606,0.548783116,-0.851473421,2.660528144
0.334283036,-0.627423716,-0.694511891,1.152130621
0.256075405,-0.621087859,-0.507510525,0.734117123
0.102999598,0.538845025,-0.801876792,1.739374173
0.333575851,-0.917879046,-0.535623964,0.666725647
0.937841673,-0.346942849,-0.502257883,3.035662372
0.49666872,0.122713094,-0.955286247,2.477136507
0.821638466,-0.452998063,-0.521635969,2.499436084
0.918826651,0.829389036,-0.633622941,4.243320749
0.749206601,0.271250864,-0.65300917,3.140099142
0.224568446,-0.445144306,-0.660453477,0.886053622
0.662973848,0.919642487,-0.92071211,3.756280227
0.911411616,0.456975154,-0.723042486,3.862984211
0.07573151,-0.904289126,-0.71178175,-0.051211576
0.432647615,0.875840137,-0.508418144,2.610607779
0.835977633,0.156945011,-0.651327815,3.301179563
0.674153535,0.282633096,-0.517273003,2.8187029
0.834420107,-0.480761941,-0.853753089,2.936117517
0.255890449,-0.762700411,-0.7972239,0.808561308
0.356967682,-0.472997974,-0.921898542,1.489388926
0.478647573,0.980881924,-0.682717765,3.19145486
0.225133488,-0.710238463,-0.589822307,0.529543593
0.973614961,0.09402764,-0.663141775,3.726550667
0.156112639,0.459452909,-0.623589244,1.543190402
0.093623134,-0.226390339,-0.671206666,0.733378199
0.361738814,-0.73354646,-0.850130045,1.134476582
0.127111449,0.946994883,-0.883680164,2.188952395
0.240332021,-0.674190878,-0.799422225,0.895865466
0.434456881,-0.254379858,-0.549992029,1.678217139
0.78320149,-0.404358648,-0.982346294,2.945423428
0.040972269,-0.215413588,-0.679399849,0.577317239
0.078498819,0.341614181,-0.78809962,1.259784847
0.003560083,0.035806673,-0.661800122,0.605105011
0.475301167,0.862500267,-0.724926475,3.118679678
0.387209697,0.572349436,-0.669735874,2.47096059
0.288477294,-0.612448692,-0.824141516,1.051034703
0.461118403,0.305685064,-0.781659319,2.420412641
0.972258805,-0.006873143,-0.774091885,3.583121896
0.895448785,-0.839117025,-0.799147569,2.4539877
0.615882374,-0.574419197,-0.63623592,1.811075143
0.358405759,-0.231759256,-0.546516868,1.324711206
0.391133811,0.445585813,-0.672706128,2.228841754
0.619185988,-0.728894764,-0.807436579,1.991494062
0.946358425,-0.688039029,-0.941610241,3.199433011
0.973356786,0.390064846,-0.61864203,3.987562226
0.810479193,0.445860336,-0.874679836,3.76389201
0.822895459,0.664007049,-0.96855534,4.041730149
0.342679375,-0.232944119,-0.601132648,1.471485387
0.181732027,0.084482587,-0.97876973,1.7473699
0.977929733,-0.517166303,-0.628046061,2.994506681
0.58040217,0.77442732,-0.768837254,3.292810828
0.413991204,-0.258907506,-0.93748368,1.902706943
0.380361929,-0.23328804,-0.864833569,1.904219739
0.85781333,-0.17081246,-0.745788091,3.154210326
0.057050862,0.77022379,-0.840802672,1.693476495
0.106706473,-0.141100898,-0.566441548,0.787508431
0.902438091,-0.400367398,-0.650696525,2.982099247
0.079589177,-0.636000074,-0.819222819,0.38714709
0.251933412,0.824364992,-0.72316637,2.234261113
0.305380655,-0.650188753,-0.536750035,0.849857263
0.658177606,-0.053236275,-0.914855036,2.800170249
0.861097172,0.857948225,-0.758005695,4.188143368
0.703344849,0.481288425,-0.761164126,3.374821689
0.469562021,0.134130848,-0.609843103,2.108308335
0.34892219,-0.55613882,-0.77077461,1.229186612
0.949765106,0.027089696,-0.726668834,3.580413548
0.315709104,0.592391598,-0.741647481,2.281474705
0.886669644,-0.872112855,-0.773548639,2.585985115
0.506366934,0.64499514,-0.836407748,3.031976815
0.511435957,0.93951737,-0.769505293,3.313372175
0.142917238,-0.23755476,-0.528410265,0.742742468
0.784835566,-0.57268379,-0.636825476,2.345944305
0.976116074,0.00810921,-0.96690389,3.855353498
0.948224672,0.710652804,-0.873030313,4.509986486
0.629118373,0.423432281,-0.974068345,3.345577042
0.284545657,0.010626527,-0.663494922,1.673281154
0.859488244,0.114745127,-0.595675963,3.269401942
0.971349773,0.543988213,-0.672827796,4.158658823
0.516589209,-0.62130714,-0.662614554,1.629250756
0.421082975,-0.858617262,-0.795538792,1.147893759
0.61694207,-0.841585927,-0.61068654,1.626079127
0.866744253,-0.464832017,-0.657359352,2.816227306
0.89006069,0.835342979,-0.975265089,4.452925632
0.272942543,-0.547661786,-0.95059737,1.348476406
0.734502822,-0.513264381,-0.606215846,2.207015991
0.041613616,-0.01017821,-0.87724072,0.917812522
0.895604284,-0.860022956,-0.64249706,2.412803769
0.670725385,0.22529631,-0.817901314,3.013650393
0.9263682,-0.93766385,-0.831284293,2.671355368
0.292050798,-0.475537219,-0.993183861,1.400658472
0.154515793,-0.579971933,-0.851241223,0.604045469
0.520463883,0.612360654,-0.756738156,2.881831448
0.050124574,-0.135869876,-0.968420742,1.054258261
0.755682829,-0.917025814,-0.553575883,1.965240066
0.860988211,-0.037666173,-0.864789178,3.424023098
0.16049514,-0.161989066,-0.873906415,1.165261776
0.871431011,0.587881034,-0.959233133,4.142332584
0.502982615,-0.768839929,-0.929165741,1.717423836
0.15512129,0.352520636,-0.956036108,1.633631973
0.299065484,-0.277052919,-0.555551672,1.232087365
0.29623084,-0.836198402,-0.725624725,0.888512853
0.369720709,0.667304904,-0.570958643,2.365758935
0.170002763,0.960391671,-0.909345755,2.442551911
0.56406459,-0.813208639,-0.839406562,1.620808262
0.208110512,-0.618643419,-0.759165346,0.853358284
0.881608699,0.254572989,-0.891874661,3.909934615
0.811026908,0.841442728,-0.997141792,4.228910046
0.228987793,-0.225225465,-0.89297226,1.301945232
0.292163943,0.631334687,-0.550475788,1.987283121
0.664143555,-0.29802494,-0.916796438,2.583357847
0.054504848,-0.787664405,-0.553584179,-0.041410714
0.346759945,0.523892412,-0.944823424,2.611357353
0.225568017,-0.758021414,-0.959535215,0.868715403
0.602556836,0.845045332,-0.77099942,3.347968098
0.517174172,-0.260186725,-0.652391714,2.021676612
0.667712519,0.839681797,-0.90059592,3.766601119
0.826383676,0.678783488,-0.62948387,3.81037611
0.934640938,0.342320786,-0.810705781,3.934997373
0.288675742,0.563921624,-0.820980958,2.264150812
0.608972567,-0.550068318,-0.893599477,2.182508779
0.820998119,-0.332652218,-0.773018318,2.929567179
0.888770083,-0.788807902,-0.808951562,2.616878815
0.23764662,0.175598592,-0.772410984,1.638665483
0.668374808,0.587826051,-0.936145633,3.593820048
0.062382702,0.80305378,-0.865765809,1.897513279
0.44235334,-0.573517099,-0.780959921,1.474675758
0.269005526,-0.499755308,-0.908605405,1.187950296
0.85810413,0.245259201,-0.748220632,3.663244524
0.813396505,-0.091398392,-0.583346772,2.887246137
0.116598071,0.999634468,-0.735158262,2.124569992
0.87990605,0.538942325,-0.913012711,4.139711315
0.809308119,0.039866816,-0.996578691,3.550313747
0.742807749,0.417393199,-0.999224962,3.547389817
0.025753981,0.039498842,-0.592543076,0.695952566
0.340173285,-0.795173862,-0.576433868,0.737709666
0.141186018,-0.403289992,-0.875694971,0.854655069
0.611346276,0.122744224,-0.573132678,2.55686117
0.57928551,0.983282134,-0.939609799,3.669537212
0.249107361,-0.222288694,-0.911230796,1.382546817
0.280980899,-0.236936128,-0.634696771,1.195298637
0.027002228,0.91430948,-0.747134108,1.786404717
0.07636823,0.224912298,-0.926166463,1.321409185
0.474378961,0.159375934,-0.854648279,2.357472676
0.220222825,-0.834745588,-0.606389522,0.381125561
0.468669208,-0.985566117,-0.789646116,1.075497595
0.580440167,-0.869059606,-0.907040859,1.864199887
0.442158508,-0.700639473,-0.673175101,1.204873201
0.674703768,-0.678156271,-0.903120611,2.210591696
0.042154311,-0.100528506,-0.545536443,0.497342794
0.071380172,0.051460096,-0.740316324,0.988855759
0.384301142,0.361751085,-0.551087195,2.036313607
0.458142066,0.351480619,-0.598673493,2.258382942
0.397120775,0.134532083,-0.944572681,2.271418868
0.123793123,0.187295285,-0.537832662,1.144117169
0.257862637,-0.870707071,-0.759474714,0.739724512
0.724732452,0.354867649,-0.674132123,3.264879682
0.301847953,-0.793098548,-0.705788732,0.708095925
0.608485593,-0.207620922,-0.692557743,2.312910863
0.487655948,0.897323665,-0.901366438,3.27213492
0.426608561,-0.584881165,-0.981056855,1.681847183
0.625926482,0.653939292,-0.693924679,3.380494669
0.554619162,-0.583953757,-0.508609832,1.55195542
0.975368789,-0.81589608,-0.547926218,2.669166658
0.982289715,0.347377829,-0.832961616,4.238412531
0.119000523,0.959716835,-0.651401287,2.035825473
0.148948522,-0.148262219,-0.68968574,1.006272428
0.769420745,-0.105187623,-0.731102633,2.948664734
0.503023993,-0.472729569,-0.963928843,1.993208853
0.920133002,-0.460779711,-0.993408338,3.272504371
0.155901115,0.299818088,-0.563585239,1.39326311
0.809892709,-0.312201046,-0.959927161,3.093703149
0.518069384,0.194731068,-0.869783335,2.717067692
0.664753311,0.868767641,-0.651583618,3.488407078
0.111811545,0.14746449,-0.779123297,1.066351152
0.758881958,0.792128482,-0.849680807,3.927215864
0.624832528,-0.694427268,-0.884618649,2.13158337
0.368485721,-0.826107174,-0.726557664,0.980457657
0.592924117,0.769675705,-0.551090288,2.973214964
0.602952319,-0.378500746,-0.525338234,2.035521953
0.652553586,0.949117026,-0.702315923,3.706404228
0.104557193,0.0965081,-0.778005712,1.318325778
0.005925093,-0.005857417,-0.943912594,0.994410671
0.175243261,-0.914364469,-0.841158995,0.451771745
0.22757927,0.641129085,-0.766977397,2.089569517
0.217091492,-0.346061632,-0.898321164,1.280314252
0.060457939,0.498972851,-0.882970106,1.564664112
0.513774154,0.170019389,-0.738076006,2.474327242
0.791212581,-0.746061963,-0.922578643,2.605411981
0.266102831,0.750431928,-0.934735743,2.537288478
0.865595046,-0.910135002,-0.715605692,2.480029775
0.172390871,-0.201688115,-0.690120909,1.047043368
0.38521176,-0.971285988,-0.634730236,0.868370555
0.128217235,-0.320547957,-0.599505322,0.566719214
0.984766352,-0.352201902,-0.671776574,3.191648796
0.535191451,0.321569557,-0.958571814,2.81222374
0.993304185,-0.894161009,-0.93630156,3.016532402
0.580136215,-0.542669215,-0.70512593,1.940838152
0.215400798,-0.983374931,-0.760258652,0.462658483
0.447750905,0.859865919,-0.932108761,3.206229921
0.602637531,0.74377706,-0.681304719,3.281421533
0.133446298,-0.549750529,-0.600553161,0.449404254
0.486234492,-0.443114983,-0.545837373,1.462450347
0.177761551,0.5198604,-0.868433141,1.967863023
0.062176309,-0.78321001,-0.626172705,0.070715807
0.743948657,-0.070439622,-0.820240619,3.020007766
0.878373871,-0.895706056,-0.543071088,2.237707801
0.874429161,0.530382704,-0.709063142,3.815797511
0.086923367,-0.639118158,-0.602489259,0.26634207
0.765580748,0.989277794,-0.785654965,4.005319421
0.310460213,0.911264927,-0.985164382,2.851722908
0.422307171,0.026645372,-0.787734795,1.989657342
0.377309275,-0.192589363,-0.642602025,1.687709946
0.5574664,-0.643612116,-0.525459924,1.709939095
0.691306481,-0.512705183,-0.899310591,2.441425839
0.915577379,-0.267423894,-0.774600477,3.145880676
0.128498819,0.741584775,-0.757970546,1.763738376
0.54441364,0.269975688,-0.829237605,2.705551613
0.917574976,0.04045001,-0.503166057,3.234979555
0.306185605,0.739953933,-0.830012084,2.499059738
0.573326247,-0.586957336,-0.818709635,1.994926173
0.887551737,-0.21562376,-0.878150849,3.51615539
0.54560458,-0.157136865,-0.515546976,2.046931378
0.214504561,-0.151595048,-0.9967714,1.43320125
0.434352722,-0.686093356,-0.523011774,1.188953553
0.529755587,-0.426152703,-0.784662252,2.028557517
0.151009314,0.73823065,-0.602550159,1.748433252
0.339509998,-0.894417327,-0.906965282,1.097011876
0.90010628,0.068589756,-0.932510127,3.705362316
0.427410709,0.562690171,-0.66192231,2.402464614
0.729363872,0.231114524,-0.795922696,3.204170633
0.858169326,-0.613311926,-0.959040975,2.902291413
0.92213844,0.741696952,-0.979848399,4.429348333
0.705966413,-0.002991803,-0.528223834,2.627250363
0.102425677,-0.596857088,-0.817520725,0.435649826
0.527233777,-0.030006784,-0.503234001,2.095641971
0.472910296,-0.834441359,-0.793794611,1.385248613
0.127372747,-0.901481548,-0.712228909,0.1155419
0.593672157,0.88835415,-0.544656109,3.280143332
0.314328146,0.280113838,-0.896858649,2.216183722
0.210321282,0.585473775,-0.758712177,2.082843517
0.212186823,0.572610402,-0.597875794,1.702321872
0.373784435,0.780934304,-0.571801911,2.464972902
0.670126965,0.33893524,-0.809618644,3.229506341
0.459296444,-0.6502474,-0.542785961,1.301018059
0.24405981,-0.308680821,-0.950461067,1.451965008
0.167182171,0.138150427,-0.73801444,1.355601009
0.763562368,-0.897766128,-0.934594422,2.371509325
0.006908879,-0.776314141,-0.881244991,0.027628605
0.887828443,0.504808871,-0.599755535,3.784116164
0.753812994,0.460356449,-0.714983624,3.388576483
0.670900459,-0.986542943,-0.505709275,1.471038503
0.560533188,0.587307668,-0.514682454,2.813555685
0.378548072,-0.084033249,-0.980875109,2.039470011
0.426763562,0.522807583,-0.888375816,2.641628965
0.498029643,0.334104981,-0.530752901,2.505181302
0.9735173,0.843825001,-0.644528671,4.442300313
0.311653509,-0.484200227,-0.960960086,1.474554799
0.955466107,-0.84343289,-0.506782788,2.492467111
0.998758013,-0.85527419,-0.748344662,2.85502023
0.595275754,-0.752497792,-0.949522131,2.028262248
0.078030128,0.709101719,-0.617836865,1.431928864
0.932194909,-0.141728797,-0.830017991,3.459030501
0.086391115,-0.315372636,-0.965919897,0.864041232
0.611753916,0.876207748,-0.572522393,3.317708852
0.379047331,-0.278167179,-0.535640092,1.370700271
0.768520523,0.072584068,-0.582355976,2.927934663
0.445349064,-0.310478098,-0.780214118,1.853953105
0.188482323,-0.591936874,-0.65373867,0.705672517
0.821119833,-0.678534032,-0.657117622,2.536914792
0.425849442,-0.157079262,-0.519281111,1.666315256
0.936349112,0.952718179,-0.623764856,4.262535919
0.340624732,0.381309227,-0.639615549,2.112500494
0.927238297,0.450485804,-0.975340248,4.188016334
0.546607058,-0.040959184,-0.541039531,2.215119405
0.593090808,-0.662984936,-0.880723052,1.933949815
0.661355966,-0.672868835,-0.889895879,2.199436026
0.677757675,0.812256428,-0.509225812,3.417581388
0.01280421,-0.384181595,-0.943699892,0.503636509
0.428099295,0.419886231,-0.773951207,2.436420897
0.779977265,0.38247546,-0.97231033,3.654288881
0.154298839,-0.458287804,-0.994290312,0.90924201
0.256684856,-0.231688889,-0.714582679,1.114835078
0.035477499,0.535333407,-0.925032253,1.591359847
0.088985855,0.916013132,-0.763967433,1.94292296
0.062468334,-0.057561214,-0.85555862,0.922137299
0.934412961,0.390677028,-0.588517382,3.857833357
0.82462581,0.913731303,-0.870192922,4.170145346
0.105508036,-0.331825724,-0.984066179,0.970428917
0.216887716,0.527414238,-0.661148717,1.853498319
0.088911523,0.620566195,-0.749080492,1.595414427
0.365320691,-0.71434002,-0.939501817,1.380440151
0.486012905,-0.285134651,-0.809672337,2.046902857
0.846045672,0.244403225,-0.536497241,3.283041022
0.164747989,-0.746773653,-0.510278432,0.321125069
0.883377825,-0.682536759,-0.689576707,2.695649031
0.079301068,-0.333064617,-0.691278427,0.587269751
0.86064003,0.954374211,-0.98348043,4.524137517
0.718077165,0.746739998,-0.939608082,3.848198974
0.070399366,-0.863202752,-0.967468728,0.357490497
0.817000831,0.219451291,-0.560588067,3.319549087
0.422142857,-0.584074389,-0.739077762,1.348823267
0.787674772,-0.796374612,-0.962076509,2.572765288
0.403687319,0.445874517,-0.812249746,2.462890465
0.398597733,-0.38374095,-0.71302504,1.438347148
0.870362916,-0.968135389,-0.785410523,2.31726537
0.322915726,0.444996069,-0.614316901,1.995332657
0.284389865,0.215705248,-0.777801762,1.815030506
0.104946044,-0.835691264,-0.796014745,0.342701582
0.871492582,-0.098538108,-0.58955505,3.092599385
0.801086685,0.755907035,-0.960070328,4.067498101
0.576703258,0.88442893,-0.896996671,3.505177603
0.082223152,-0.815696296,-0.592482261,0.065655709
0.90392713,-0.845267401,-0.658685198,2.551469892
0.693467845,-0.338646277,-0.7209134,2.385395921
0.615152098,0.924919119,-0.959200634,3.67234224
0.842261745,0.521949263,-0.93616492,4.096555879
0.727499524,-0.736919712,-0.541907277,2.035341194
0.791916536,0.21647941,-0.832954425,3.471738977
0.499685653,0.174435794,-0.772393678,2.395751509
0.871176761,-0.666629042,-0.581166631,2.399364447
0.650620663,0.780462446,-0.848273566,3.610465927
0.172511135,0.721054379,-0.905418245,2.194888413
0.918016437,0.441078373,-0.81539438,3.968411065
0.727997363,-0.178013105,-0.640051118,2.573264677
0.697557382,0.722315724,-0.734337774,3.563785872
0.980556378,0.328552067,-0.968647207,4.186319699
0.844848671,-0.987806482,-0.615416444,2.040505229
0.967777537,0.163911072,-0.657591683,3.721827073
0.671393479,0.533571537,-0.572117037,3.098430684
0.376716576,-0.637540619,-0.97502013,1.464381155
0.166796183,0.992847501,-0.928834455,2.451731775
0.690728098,-0.571968268,-0.681787582,2.220810566
0.724077996,0.247081443,-0.586029369,2.976400718
0.075799383,-0.318914696,-0.855891969,0.707343185
0.905304717,-0.193057562,-0.746561113,3.355766438
0.947095681,-0.924390627,-0.715874242,2.441394573
0.173561038,-0.060867429,-0.946270945,1.418439868
0.712226717,-0.458323006,-0.655409935,2.412563835
0.829458321,0.296204025,-0.523711263,3.181314834
0.253553706,0.960198381,-0.591788103,2.348863677
0.147475986,0.195582377,-0.856115338,1.531602941
0.108737567,0.009009584,-0.843679544,1.18010618
0.656131382,0.948144393,-0.999505945,3.980222179
0.994758976,-0.046753017,-0.887800269,3.793174852
0.803528105,-0.4968752,-0.519508494,2.54091891
0.821028703,-0.772940164,-0.800886503,2.533564637
0.047604092,0.373723474,-0.977035379,1.519822017
0.274740121,0.503659641,-0.789736009,2.172882844
0.340393584,0.41707703,-0.819946557,2.337389996
0.19404134,0.605586545,-0.584223532,1.767371304
0.416984095,-0.313952901,-0.787307823,1.619058933
0.580906776,-0.08446529,-0.649189031,2.341407036
0.754520549,0.148559909,-0.755854234,3.224527536
0.3074193,-0.106391518,-0.851873213,1.696650667
0.824235009,0.774102238,-0.511382135,3.809819212
0.448859283,-0.277780376,-0.595061174,1.546423169
0.306567909,-0.917971333,-0.927490599,0.948109176
0.912561394,-0.996765575,-0.826898182,2.571887106
0.574974418,-0.898539231,-0.567724666,1.356777772
0.934571374,-0.043761714,-0.616046334,3.367424111
0.886095665,0.927091185,-0.576944337,4.143936344
0.304866711,0.961198508,-0.83790308,2.831611621
0.368920426,0.320061437,-0.777614175,2.291630604
0.64374986,0.97147792,-0.879000126,3.682851847
0.745780923,0.832622592,-0.824069299,3.849822282
0.082398512,0.683285868,-0.832430042,1.763298059
0.436952481,0.943675434,-0.802533915,3.046315723
0.391536935,0.434739665,-0.881367976,2.542770244
0.105092369,0.107739611,-0.763111441,1.027751563
0.239716777,-0.650781477,-0.661852895,0.792950777
0.544083477,-0.202531021,-0.524422275,1.832006988
0.445228211,0.455038668,-0.660125047,2.463273956
0.93966562,-0.736518756,-0.860760133,2.889732715
0.275451535,-0.852549666,-0.767880442,0.738668533
0.629517827,0.622895171,-0.855056497,3.267929775
0.623332111,-0.755638132,-0.934464876,2.025325729
0.337437325,-0.946118683,-0.550489257,0.608054919
0.819047697,-0.154357343,-0.584341379,2.862314395
0.896579398,0.887185357,-0.78780378,4.294491947
0.89657533,-0.893605186,-0.90404634,2.665435021
0.727102014,0.824214701,-0.620074053,3.638140425
0.373277592,-0.799014178,-0.979671104,1.372170977
0.923373267,-0.945388648,-0.869990461,2.727780341
0.444751006,-0.531073009,-0.936265783,1.745156117
0.087330326,0.611327696,-0.688330183,1.457887223
0.486368244,0.734163506,-0.847223531,3.107352448
0.420072632,0.225821031,-0.838418838,2.420000455
0.006002756,-0.057250999,-0.618406425,0.509300125
0.347339232,0.137268299,-0.956886581,2.116785437
0.157131003,0.800290022,-0.656476523,1.953093053
0.139412831,0.921106103,-0.906646285,2.214416599
0.73512516,0.79820838,-0.951058828,3.856280458
0.077436258,0.058747427,-0.508136536,0.759924339
0.773925239,0.354216274,-0.572418899,3.159413139
0.262284387,-0.326681636,-0.710502201,1.154968216
0.281943095,0.559884259,-0.632208945,2.073074459
0.277467955,-0.238766375,-0.71353581,1.319342998
0.994085377,-0.053604056,-0.865765549,3.797871628
0.238582546,0.980309503,-0.578948918,2.344297854
0.901178151,-0.677542568,-0.589905852,2.617550651
0.084395367,0.070249436,-0.870419484,1.164012278
0.522648372,-0.963786472,-0.771848086,1.396118362
0.598500494,-0.076579273,-0.641646166,2.431217494
0.21980551,0.315932339,-0.785122326,1.733839612
0.813013181,0.793071229,-0.779454092,4.11811983
0.625227901,-0.830525791,-0.792874521,1.924409011
0.882957143,0.787290033,-0.840230699,4.286528735
0.441438885,-0.368300265,-0.851358178,1.746764851
0.833683507,0.705646969,-0.562733904,3.871969855
0.170783059,0.731914228,-0.800888358,2.002237728
0.402416033,-0.766813041,-0.696377488,1.223056446
0.231526479,-0.758562069,-0.595772139,0.590950268
0.280156785,0.119208109,-0.941852216,1.763183714
0.020878522,-0.79633838,-0.831172489,0.066699243
0.331858006,0.871179294,-0.572268192,2.299913389
0.812766883,0.629713382,-0.554783478,3.569436388
0.342304891,0.170476421,-0.827473642,2.144827278
0.514288811,-0.084501152,-0.799340372,2.343346467
0.854286224,0.949887803,-0.798747166,4.226930241
0.298316015,-0.183434814,-0.854668701,1.430592001
0.342008373,0.880365593,-0.696091969,2.528032804
0.113338442,-0.338051066,-0.740289463,0.745157558
0.71371339,-0.968647082,-0.62384167,1.835993842
0.228869528,0.216476094,-0.644359006,1.462857507
0.654785485,-0.617197599,-0.987759242,2.352893168
0.198826204,-0.935427213,-0.653999254,0.234530751
0.543721723,0.382030741,-0.582746528,2.703668516
0.409588442,-0.318869403,-0.849862129,1.697079721
0.853810016,0.848475642,-0.869874181,4.30932367
0.2942028,-0.282495309,-0.694665002,1.256260782
0.819974238,-0.786685663,-0.961905065,2.686735243
0.627168291,0.86422763,-0.748346242,3.38517471
0.986029746,0.752892739,-0.947902692,4.569665758
0.708443143,-0.82855903,-0.942178221,2.280258427
0.756787242,-0.357970397,-0.682930926,2.570411325
0.64324709,0.0280369,-0.526998968,2.484211418
0.0296049,0.387130759,-0.641052143,1.080631821
0.324513176,0.390422123,-0.731787005,2.059090344
0.678032887,0.285419932,-0.653481216,2.915208413
0.698780587,-0.600247463,-0.669331103,2.127932725
0.883607433,0.736451726,-0.963488427,4.249851629
0.72736384,0.007016238,-0.658484547,2.77768812
0.583601062,0.693532417,-0.637311121,3.072067836
0.672432001,0.209670232,-0.904237675,3.112545135
0.764396923,0.857384227,-0.944766524,4.174964956
0.028976292,-0.121875933,-0.754365336,0.740741292
0.807762115,-0.173130743,-0.606021556,2.86102476
0.222692078,0.839075294,-0.926386516,2.451969584
0.138696448,-0.857048513,-0.605164231,0.244381722
0.606495814,0.176309124,-0.880888304,2.952582815
0.15852587,-0.496046421,-0.579526488,0.405758779
0.388541492,-0.004528933,-0.632034816,1.845972617
0.961095353,-0.697325136,-0.940969908,3.081379307
0.015566138,0.57056665,-0.542018607,1.071751109
0.926058282,0.170042623,-0.752339649,3.669001637
0.124957082,-0.127486207,-0.768128286,0.959690901
0.874688497,0.508362214,-0.6584045,3.837636069
0.944233179,0.589124243,-0.880281035,4.270717206
0.570449121,-0.870261191,-0.949100072,1.796212894
0.225514652,0.042723779,-0.60572575,1.325128171
